{"node": ["/autobot01/line_detector_node/segment_list", "/autobot01/lane_filter_node/lane_pose", "/rosout"], "message_count": [382, 357, 44], "connections": [1, 1, 21], "frequency": [7.532499140084541, 7.586118779342723, 42.99380257043625]}
