{"meas": [81, 83, 75, 70, 77, 76, 81, 68, 81, 80, 80, 76, 76, 70, 74, 66, 73, 88, 78, 82, 81, 68, 91, 76, 82, 82, 74, 70, 69, 85, 81, 77, 79, 69, 79, 83, 68, 73, 73, 75, 69, 91, 87, 72, 80, 97, 77, 94, 98, 79, 79, 82, 76, 89, 90, 92, 90, 93, 97, 90, 87, 97, 86, 77, 48, 44, 53, 38, 36, 46, 44, 45, 48, 23, 53, 43, 46, 37, 33, 34, 29, 35, 35, 45, 32, 36, 44, 39, 44, 46, 51, 36, 31, 41, 35, 45, 49, 47, 57, 48, 41, 40, 46, 51, 54, 42, 48, 55, 51, 57, 63, 49, 34, 26, 32, 28, 29, 35, 40, 37, 43, 30, 29, 27, 15, 19, 16, 19, 27, 41, 35, 55, 66, 73, 55, 54, 81, 79, 28, 15, 18, 16, 7, 11, 8, 13, 18, 24, 24, 16, 15, 4, 3, 9, 17, 46, 55, 86, 78, 72, 63, 76, 68, 60, 39, 35, 33, 8, 9, 3, 15, 26, 33, 26, 16, 21, 25, 44, 31, 29, 23, 17, 20, 24, 17, 16, 12, 10, 7, 14, 8, 16, 18, 26, 22, 27, 25, 27, 37, 33, 32, 28, 36, 30, 40, 41, 28, 19, 13, 14, 14, 15, 9, 13, 15, 18, 23, 18, 17, 23, 21, 21, 12, 15, 18, 10, 20, 16, 19, 21, 17, 23, 15, 16, 14, 14, 18, 16, 13, 13, 15, 17, 11, 16, 19, 15, 22, 17, 12, 18, 13, 16, 16, 15, 14, 16, 15, 17, 20, 13, 18, 11, 17, 20, 15, 17, 23, 19, 23, 20, 18, 23, 18, 13, 12, 8, 19, 16, 25, 22, 21, 20, 17, 15, 16, 26, 19, 21, 17, 14, 15, 23, 26, 23, 22, 18, 37, 35, 37, 34, 33, 31, 47, 31, 39, 30, 29, 24, 20, 22, 21, 18, 20, 24, 26, 21, 17, 20, 24, 30, 25, 25, 24, 36, 35, 23, 29, 32, 31, 30, 25, 34, 30, 34, 41, 28, 27, 30, 21, 28, 31, 32, 35, 39, 37, 36, 32, 38, 28, 33, 25, 33, 26, 28, 30, 29, 30, 20, 37, 32, 25, 34, 33, 30, 30, 38, 31, 40, 33, 39, 39, 36, 41, 37], "time": [1589899536.045424, 1589899536.188492, 1589899536.34147, 1589899536.489825, 1589899536.608178, 1589899536.7415, 1589899536.902509, 1589899537.038637, 1589899537.17288, 1589899537.318198, 1589899537.47087, 1589899537.619805, 1589899537.740705, 1589899537.905453, 1589899538.070177, 1589899538.201238, 1589899538.349722, 1589899538.504597, 1589899538.633625, 1589899538.902615, 1589899539.066914, 1589899539.335411, 1589899539.633504, 1589899539.767828, 1589899539.909067, 1589899540.20297, 1589899540.472758, 1589899540.636965, 1589899540.732739, 1589899540.902458, 1589899541.034506, 1589899541.189472, 1589899541.29917, 1589899541.468196, 1589899541.618427, 1589899541.735062, 1589899541.767747, 1589899541.928933, 1589899542.033843, 1589899542.205389, 1589899542.299304, 1589899542.480953, 1589899542.597649, 1589899542.731218, 1589899542.833335, 1589899542.931199, 1589899543.065175, 1589899543.199648, 1589899543.337058, 1589899543.474541, 1589899543.598721, 1589899543.765147, 1589899543.897557, 1589899544.031904, 1589899544.195937, 1589899544.339961, 1589899544.462537, 1589899544.602728, 1589899544.730812, 1589899544.899308, 1589899545.030517, 1589899545.172072, 1589899545.298189, 1589899545.440292, 1589899545.567771, 1589899545.702793, 1589899545.765825, 1589899545.929092, 1589899545.984837, 1589899546.063664, 1589899546.166454, 1589899546.265892, 1589899546.332854, 1589899546.500715, 1589899546.565395, 1589899546.696673, 1589899546.771696, 1589899546.895495, 1589899547.067757, 1589899547.198882, 1589899547.306789, 1589899547.42956, 1589899547.565515, 1589899547.680135, 1589899547.8383, 1589899547.999563, 1589899548.297485, 1589899548.398002, 1589899548.465674, 1589899548.594021, 1589899548.768332, 1589899548.872048, 1589899548.971323, 1589899549.134366, 1589899549.295464, 1589899549.463182, 1589899549.627275, 1589899549.799437, 1589899549.975153, 1589899550.068323, 1589899550.229031, 1589899550.394961, 1589899550.570543, 1589899550.776631, 1589899550.927627, 1589899551.028572, 1589899551.162316, 1589899551.32996, 1589899551.502227, 1589899551.562271, 1589899551.733223, 1589899551.830056, 1589899551.901208, 1589899552.028837, 1589899552.179205, 1589899552.338522, 1589899552.46119, 1589899552.593989, 1589899552.76213, 1589899552.899349, 1589899553.068669, 1589899553.201768, 1589899553.369477, 1589899553.494858, 1589899553.662169, 1589899553.793128, 1589899553.960717, 1589899554.129487, 1589899554.336987, 1589899554.524593, 1589899554.660678, 1589899554.761248, 1589899554.891971, 1589899554.960911, 1589899555.203689, 1589899555.29045, 1589899555.49538, 1589899555.562853, 1589899555.75933, 1589899555.868073, 1589899555.958349, 1589899556.023649, 1589899556.165773, 1589899556.296238, 1589899556.425561, 1589899556.494191, 1589899556.567948, 1589899556.660146, 1589899556.734959, 1589899556.796218, 1589899556.856975, 1589899557.023981, 1589899557.092357, 1589899557.168743, 1589899557.293123, 1589899557.491666, 1589899557.658855, 1589899557.757264, 1589899557.85581, 1589899557.95871, 1589899558.164274, 1589899558.268268, 1589899558.336215, 1589899558.495163, 1589899558.657255, 1589899558.824048, 1589899558.956897, 1589899559.125538, 1589899559.289565, 1589899559.433818, 1589899559.593039, 1589899559.732816, 1589899559.856315, 1589899559.994604, 1589899560.122159, 1589899560.267587, 1589899560.394303, 1589899560.523444, 1589899560.658044, 1589899560.78904, 1589899561.063632, 1589899561.193721, 1589899561.335597, 1589899561.498399, 1589899561.656145, 1589899561.728752, 1589899561.768013, 1589899561.88866, 1589899562.020813, 1589899562.167286, 1589899562.287841, 1589899562.389228, 1589899562.454722, 1589899562.588863, 1589899562.759532, 1589899562.824289, 1589899562.956964, 1589899563.089901, 1589899563.228218, 1589899563.390468, 1589899563.525481, 1589899563.629591, 1589899563.757775, 1589899563.861375, 1589899563.992989, 1589899564.119928, 1589899564.252831, 1589899564.354527, 1589899564.423324, 1589899564.488748, 1589899564.656534, 1589899564.756378, 1589899564.885977, 1589899565.024007, 1589899565.192168, 1589899565.323407, 1589899565.493364, 1589899565.620451, 1589899565.790998, 1589899565.924515, 1589899566.101114, 1589899566.224235, 1589899566.385761, 1589899566.533655, 1589899566.820878, 1589899566.98911, 1589899567.124406, 1589899567.254635, 1589899567.398605, 1589899567.520136, 1589899567.603838, 1589899567.6863, 1589899567.785746, 1589899567.918988, 1589899567.988296, 1589899568.050346, 1589899568.221214, 1589899568.357229, 1589899568.437567, 1589899568.526856, 1589899568.654565, 1589899568.75188, 1589899568.884188, 1589899569.021176, 1589899569.11659, 1589899569.25479, 1589899569.383268, 1589899569.517884, 1589899569.68517, 1589899569.819867, 1589899569.958418, 1589899570.035048, 1589899570.158398, 1589899570.285069, 1589899570.402213, 1589899570.554682, 1589899570.683135, 1589899570.852012, 1589899570.919334, 1589899571.049593, 1589899571.18838, 1589899571.283301, 1589899571.415898, 1589899571.549787, 1589899571.653399, 1589899571.715476, 1589899571.849729, 1589899572.017025, 1589899572.138605, 1589899572.281554, 1589899572.416238, 1589899572.552789, 1589899572.715087, 1589899572.849746, 1589899573.019487, 1589899573.154449, 1589899573.286412, 1589899573.357065, 1589899573.518099, 1589899573.586111, 1589899573.756541, 1589899573.920446, 1589899573.985337, 1589899574.119427, 1589899574.259115, 1589899574.386279, 1589899574.492815, 1589899574.62827, 1589899574.714246, 1589899574.818439, 1589899574.882975, 1589899575.050286, 1589899575.150934, 1589899575.285491, 1589899575.415458, 1589899575.483441, 1589899575.614119, 1589899575.689305, 1589899575.782949, 1589899575.912792, 1589899576.089057, 1589899576.249401, 1589899576.380707, 1589899576.524476, 1589899576.61418, 1589899576.748723, 1589899576.885505, 1589899577.047532, 1589899577.178702, 1589899577.320147, 1589899577.482169, 1589899577.613946, 1589899577.780501, 1589899577.918425, 1589899578.013107, 1589899578.156601, 1589899578.287801, 1589899578.460811, 1589899578.613189, 1589899578.755708, 1589899578.878925, 1589899579.118001, 1589899579.245419, 1589899579.378756, 1589899579.553053, 1589899579.654822, 1589899579.779018, 1589899579.846861, 1589899580.018536, 1589899580.112509, 1589899580.245253, 1589899580.392893, 1589899580.546751, 1589899580.678359, 1589899580.81452, 1589899580.97944, 1589899581.12141, 1589899581.280746, 1589899581.42652, 1589899581.578253, 1589899581.720391, 1589899581.880122, 1589899582.013638, 