{"node": ["/autobot01/line_detector_node/segment_list", "/autobot01/lane_filter_node/lane_pose", "/rosout"], "message_count": [371, 366, 53], "connections": [1, 1, 18], "frequency": [7.238499140084541, 7.952018779342723, 45.34380257043625]}
