{"node": ["/autobot01/line_detector_node/segment_list", "/autobot01/lane_filter_node/lane_pose", "/rosout"], "message_count": [382, 354, 52], "connections": [1, 1, 23], "frequency": [7.821499140084541, 7.511018779342723, 43.74380257043625]}
