{"meas": [86, 83, 90, 76, 76, 78, 77, 76, 82, 82, 78, 72, 74, 70, 77, 72, 82, 79, 86, 80, 87, 77, 84, 78, 79, 74, 80, 84, 76, 76, 91, 87, 71, 81, 78, 80, 83, 86, 83, 68, 88, 85, 78, 81, 90, 84, 93, 81, 84, 80, 80, 84, 80, 78, 71, 85, 88, 86, 81, 88, 89, 80, 81, 80, 85, 87, 78, 82, 79, 83, 77, 81, 88, 83, 83, 84, 76, 84, 84, 81, 72, 76, 79, 86, 85, 75, 82, 68, 81, 79, 77, 82, 85, 75, 81, 88, 79, 83, 82, 82, 80, 79, 78, 82, 75, 80, 81, 82, 78, 81, 84, 77, 85, 83, 86, 75, 84, 81, 83, 79, 77, 79, 87, 70, 92, 81, 87, 76, 81, 74, 89, 83, 79, 65, 75, 79, 87, 78, 84, 73, 72, 80, 78, 86, 79, 86, 76, 79, 75, 76, 81, 82, 84, 81, 85, 85, 75, 81, 85, 74, 81, 78, 77, 80, 80, 75, 81, 81, 79, 77, 80, 72, 81, 89, 87, 81, 85, 73, 86, 88, 82, 68, 90, 80, 75, 87, 76, 80, 79, 77, 79, 87, 83, 75, 92, 80, 82, 75, 79, 80, 82, 89, 78, 74, 88, 79, 80, 85, 76, 74, 81, 80, 75, 81, 77, 81, 81, 81, 76, 86, 84, 83, 78, 77, 86, 82, 81, 80, 75, 85, 81, 77, 89, 79, 87], "time": [1589875210.445962, 1589875210.642298, 1589875210.713989, 1589875210.777988, 1589875210.896789, 1589875211.004035, 1589875211.16689, 1589875211.305794, 1589875211.467575, 1589875211.600445, 1589875211.768116, 1589875212.065481, 1589875212.266043, 1589875212.395882, 1589875212.533537, 1589875212.662705, 1589875212.832408, 1589875212.963135, 1589875213.129629, 1589875213.295828, 1589875213.451706, 1589875213.605834, 1589875213.751376, 1589875213.862718, 1589875213.96134, 1589875214.061728, 1589875214.16246, 1589875214.262701, 1589875214.361296, 1589875214.430038, 1589875214.503064, 1589875214.739452, 1589875214.806909, 1589875214.943522, 1589875215.128511, 1589875215.198043, 1589875215.370041, 1589875215.528919, 1589875215.703896, 1589875215.884388, 1589875216.007261, 1589875216.142648, 1589875216.26968, 1589875216.44461, 1589875216.610137, 1589875216.705082, 1589875216.836025, 1589875216.999805, 1589875217.097145, 1589875217.265022, 1589875217.392954, 1589875217.584507, 1589875217.731776, 1589875217.863654, 1589875218.040342, 1589875218.161636, 1589875218.326699, 1589875218.464506, 1589875218.658706, 1589875218.769823, 1589875218.927713, 1589875219.095569, 1589875219.231059, 1589875219.391648, 1589875219.530514, 1589875219.73828, 1589875219.858713, 1589875220.030066, 1589875220.206026, 1589875220.323726, 1589875220.495074, 1589875220.6243, 1589875220.808311, 1589875220.900205, 1589875222.625994, 1589875222.733275, 1589875222.838559, 1589875223.174053, 1589875223.303812, 1589875223.439193, 1589875223.641835, 1589875223.801851, 1589875223.943403, 1589875224.056489, 1589875225.228126, 1589875225.306502, 1589875225.461803, 1589875225.594282, 1589875225.771179, 1589875225.927797, 1589875226.055759, 1589875226.222075, 1589875226.37019, 1589875226.546314, 1589875226.823408, 1589875226.956185, 1589875227.2905, 1589875227.427354, 1589875227.656446, 1589875227.774193, 1589875228.045115, 1589875228.190438, 1589875228.358624, 1589875228.49112, 1589875228.793075, 1589875228.958751, 1589875229.089448, 1589875229.265811, 1589875229.428735, 1589875229.572349, 1589875229.800433, 1589875229.90705, 1589875230.056619, 1589875230.186986, 1589875230.355259, 1589875230.716718, 1589875231.121819, 1589875232.235629, 1589875232.334993, 1589875232.485343, 1589875232.63381, 1589875232.787173, 1589875232.933411, 1589875233.091744, 1589875233.254398, 1589875233.386124, 1589875233.557624, 1589875233.692434, 1589875233.873462, 1589875234.155944, 1589875234.466437, 1589875234.797857, 1589875235.104078, 1589875235.262982, 1589875235.419832, 1589875235.558033, 1589875235.732988, 1589875235.857316, 1589875236.019837, 1589875236.156941, 1589875236.317819, 1589875236.482955, 1589875236.621524, 1589875236.80037, 1589875236.919898, 1589875237.08674, 1589875237.222532, 1589875237.393006, 1589875237.553561, 1589875237.685576, 1589875237.850177, 1589875237.984303, 1589875238.156763, 1589875238.286394, 1589875240.355969, 1589875240.432216, 1589875240.618065, 1589875240.853292, 1589875240.995242, 1589875241.275023, 1589875241.430086, 1589875241.633082, 1589875241.798445, 1589875242.000003, 1589875242.126891, 1589875242.258705, 1589875242.552689, 1589875242.700692, 1589875242.849009, 1589875243.015581, 1589875243.165491, 1589875243.447817, 1589875243.618279, 1589875243.758097, 1589875243.920912, 1589875244.083426, 1589875244.21712, 1589875244.383685, 1589875244.517699, 1589875244.710789, 1589875244.826795, 1589875245.005601, 1589875245.196158, 1589875245.286994, 1589875245.458119, 1589875245.848738, 1589875245.980237, 1589875246.222873, 1589875246.39431, 1589875246.552474, 1589875246.692461, 1589875247.017385, 1589875248.546934, 1589875248.643387, 1589875248.809359, 1589875248.911028, 1589875249.044236, 1589875249.345119, 1589875249.532868, 1589875249.608898, 1589875249.732635, 1589875249.848961, 1589875249.915919, 1589875250.003336, 1589875250.144311, 1589875250.365833, 1589875250.530356, 1589875250.593595, 1589875250.760053, 1589875250.944321, 1589875251.066085, 1589875251.20982, 1589875251.344669, 1589875251.518675, 1589875251.649331, 1589875251.974613, 1589875252.208176, 1589875252.343182, 1589875252.482366, 1589875252.623938, 1589875252.780265, 1589875252.913242, 1589875253.041097, 1589875253.223861, 1589875253.333998, 1589875255.357371, 1589875255.410636, 1589875255.519138, 1589875255.727253, 1589875255.847167, 1589875256.008414, 1589875256.140316, 1589875256.325241, 1589875256.483477, 1589875256.717663]}